"PLANT_NO","UNIT_ID","POWER_COLLECTOR_KEY","UNIT_TYPE","DESCRIPTION","PHYSICAL_ADDRESS","CATEGORY","VENDOR","UNIT_SN","CREATE_TIME","LM_USER","LM_TIME","SPECIFICATION","DUMMY_FLAG","DEVICE_TREE_ID","WITH_DC","CAPACITY","CREATE_USER","facing","check_coefficient","INV_RSID","INV_SN","INV_NO","INV_SIZE","MPPT","STRING_QTY","ARRAY_QTY","MODULE_QTY","VMPP","IMPP","UPDATE_FLAG","db_updated_at"
"ECTT0006","ECTT0006M010","ECTT000601","INVERTER",NULL,NULL,"METER",NULL,NULL,"2019-11-08 00:00:00","superadmin","2019-11-08 00:00:00","UNKNOWN","N",NULL,0,66.7,"superadmin",NULL,0.3,NULL,NULL,NULL,0,NULL,NULL,NULL,NULL,NULL,NULL,NULL,"2019-11-08 00:00:00"
"ECTT0006","ECTT0006M011","ECTT000601","MPPT",NULL,NULL,"METER",NULL,NULL,"2019-11-08 00:00:00","superadmin","2019-11-08 00:00:00","UNKNOWN","N",NULL,1,6.67,"superadmin","WS",0.3,NULL,NULL,1,NULL,1,23,1,0,NULL,NULL,NULL,"2019-11-08 00:00:00"
"ECTT0006","ECTT0006M012","ECTT000601","MPPT",NULL,NULL,"METER",NULL,NULL,"2019-11-08 00:00:00","superadmin","2019-11-08 00:00:00","UNKNOWN","N",NULL,1,6.67,"superadmin","WS",0.3,NULL,NULL,1,NULL,2,23,1,0,NULL,NULL,NULL,"2019-11-08 00:00:00"
"ECTT0006","ECTT0006M013","ECTT000601","MPPT",NULL,NULL,"METER",NULL,NULL,"2019-11-08 00:00:00","superadmin","2019-11-08 00:00:00","UNKNOWN","N",NULL,1,6.67,"superadmin","WS",0.3,NULL,NULL,1,NULL,3,23,1,0,NULL,NULL,NULL,"2019-11-08 00:00:00"
"ECTT0006","ECTT0006M014","ECTT000601","MPPT",NULL,NULL,"METER",NULL,NULL,"2019-11-08 00:00:00","superadmin","2019-11-08 00:00:00","UNKNOWN","N",NULL,1,6.67,"superadmin","WS",0.3,NULL,NULL,1,NULL,4,23,1,0,NULL,NULL,NULL,"2019-11-08 00:00:00"
"ECTT0006","ECTT0006M015","ECTT000601","MPPT",NULL,NULL,"METER",NULL,NULL,"2019-11-08 00:00:00","superadmin","2019-11-08 00:00:00","UNKNOWN","N",NULL,1,6.67,"superadmin","WS",0.3,NULL,NULL,1,NULL,5,23,1,0,NULL,NULL,NULL,"2019-11-08 00:00:00"
"ECTT0006","ECTT0006M016","ECTT000601","MPPT",NULL,NULL,"METER",NULL,NULL,"2019-11-08 00:00:00","superadmin","2019-11-08 00:00:00","UNKNOWN","N",NULL,1,6.67,"superadmin","WS",0.3,NULL,NULL,1,NULL,6,23,1,0,NULL,NULL,NULL,"2019-11-08 00:00:00"
"ECTT0006","ECTT0006M017","ECTT000601","MPPT",NULL,NULL,"METER",NULL,NULL,"2019-11-08 00:00:00","superadmin","2019-11-08 00:00:00","UNKNOWN","N",NULL,1,6.67,"superadmin","WS",0.3,NULL,NULL,1,NULL,7,23,1,0,NULL,NULL,NULL,"2019-11-08 00:00:00"
"ECTT0006","ECTT0006M018","ECTT000601","MPPT",NULL,NULL,"METER",NULL,NULL,"2019-11-08 00:00:00","superadmin","2019-11-08 00:00:00","UNKNOWN","N",NULL,1,6.67,"superadmin","WS",0.3,NULL,NULL,1,NULL,8,23,1,0,NULL,NULL,NULL,"2019-11-08 00:00:00"
"ECTT0006","ECTT0006M019","ECTT000601","MPPT",NULL,NULL,"METER",NULL,NULL,"2019-11-08 00:00:00","superadmin","2019-11-08 00:00:00","UNKNOWN","N",NULL,1,6.67,"superadmin","WS",0.3,NULL,NULL,1,NULL,9,23,1,0,NULL,NULL,NULL,"2019-11-08 00:00:00"
"ECTT0006","ECTT0006M01a","ECTT000601","MPPT",NULL,NULL,"METER",NULL,NULL,"2019-11-08 00:00:00","superadmin","2019-11-08 00:00:00","UNKNOWN","N",NULL,1,6.67,"superadmin","WS",0.3,NULL,NULL,1,NULL,"a",23,1,0,NULL,NULL,NULL,"2019-11-08 00:00:00"
"ECTT0006","ECTT0006M020","ECTT000601","INVERTER",NULL,NULL,"METER",NULL,NULL,"2019-11-08 00:00:00","superadmin","2019-11-08 00:00:00","UNKNOWN","N",NULL,0,66.7,"superadmin",NULL,0.3,NULL,NULL,NULL,0,NULL,NULL,NULL,NULL,NULL,NULL,NULL,"2019-11-08 00:00:00"
"ECTT0006","ECTT0006M021","ECTT000601","MPPT",NULL,NULL,"METER",NULL,NULL,"2019-11-08 00:00:00","superadmin","2019-11-08 00:00:00","UNKNOWN","N",NULL,1,6.67,"superadmin","WS",0.3,NULL,NULL,2,NULL,1,23,1,0,NULL,NULL,NULL,"2019-11-08 00:00:00"
"ECTT0006","ECTT0006M022","ECTT000601","MPPT",NULL,NULL,"METER",NULL,NULL,"2019-11-08 00:00:00","superadmin","2019-11-08 00:00:00","UNKNOWN","N",NULL,1,6.67,"superadmin","WS",0.3,NULL,NULL,2,NULL,2,23,1,0,NULL,NULL,NULL,"2019-11-08 00:00:00"
"ECTT0006","ECTT0006M023","ECTT000601","MPPT",NULL,NULL,"METER",NULL,NULL,"2019-11-08 00:00:00","superadmin","2019-11-08 00:00:00","UNKNOWN","N",NULL,1,6.67,"superadmin","WS",0.3,NULL,NULL,2,NULL,3,23,1,0,NULL,NULL,NULL,"2019-11-08 00:00:00"
"ECTT0006","ECTT0006M024","ECTT000601","MPPT",NULL,NULL,"METER",NULL,NULL,"2019-11-08 00:00:00","superadmin","2019-11-08 00:00:00","UNKNOWN","N",NULL,1,6.67,"superadmin","WS",0.3,NULL,NULL,2,NULL,4,23,1,0,NULL,NULL,NULL,"2019-11-08 00:00:00"
"ECTT0006","ECTT0006M025","ECTT000601","MPPT",NULL,NULL,"METER",NULL,NULL,"2019-11-08 00:00:00","superadmin","2019-11-08 00:00:00","UNKNOWN","N",NULL,1,6.67,"superadmin","WS",0.3,NULL,NULL,2,NULL,5,23,1,0,NULL,NULL,NULL,"2019-11-08 00:00:00"
"ECTT0006","ECTT0006M026","ECTT000601","MPPT",NULL,NULL,"METER",NULL,NULL,"2019-11-08 00:00:00","superadmin","2019-11-08 00:00:00","UNKNOWN","N",NULL,1,6.67,"superadmin","WS",0.3,NULL,NULL,2,NULL,6,23,1,0,NULL,NULL,NULL,"2019-11-08 00:00:00"
"ECTT0006","ECTT0006M027","ECTT000601","MPPT",NULL,NULL,"METER",NULL,NULL,"2019-11-08 00:00:00","superadmin","2019-11-08 00:00:00","UNKNOWN","N",NULL,1,6.67,"superadmin","WS",0.3,NULL,NULL,2,NULL,7,23,1,0,NULL,NULL,NULL,"2019-11-08 00:00:00"
"ECTT0006","ECTT0006M028","ECTT000601","MPPT",NULL,NULL,"METER",NULL,NULL,"2019-11-08 00:00:00","superadmin","2019-11-08 00:00:00","UNKNOWN","N",NULL,1,6.67,"superadmin","WS",0.3,NULL,NULL,2,NULL,8,23,1,0,NULL,NULL,NULL,"2019-11-08 00:00:00"
"ECTT0006","ECTT0006M029","ECTT000601","MPPT",NULL,NULL,"METER",NULL,NULL,"2019-11-08 00:00:00","superadmin","2019-11-08 00:00:00","UNKNOWN","N",NULL,1,6.67,"superadmin","WS",0.3,NULL,NULL,2,NULL,9,23,1,0,NULL,NULL,NULL,"2019-11-08 00:00:00"
"ECTT0006","ECTT0006M02a","ECTT000601","MPPT",NULL,NULL,"METER",NULL,NULL,"2019-11-08 00:00:00","superadmin","2019-11-08 00:00:00","UNKNOWN","N",NULL,1,6.67,"superadmin","WS",0.3,NULL,NULL,2,NULL,"a",23,1,0,NULL,NULL,NULL,"2019-11-08 00:00:00"
"ECTT0006","ECTT0006M030","ECTT000601","INVERTER",NULL,NULL,"METER",NULL,NULL,"2019-11-08 00:00:00","superadmin","2019-11-08 00:00:00","UNKNOWN","N",NULL,0,66.7,"superadmin",NULL,0.3,NULL,NULL,NULL,0,NULL,NULL,NULL,NULL,NULL,NULL,NULL,"2019-11-08 00:00:00"
"ECTT0006","ECTT0006M031","ECTT000601","MPPT",NULL,NULL,"METER",NULL,NULL,"2019-11-08 00:00:00","superadmin","2019-11-08 00:00:00","UNKNOWN","N",NULL,1,6.67,"superadmin","WS",0.3,NULL,NULL,3,NULL,1,23,1,0,NULL,NULL,NULL,"2019-11-08 00:00:00"
"ECTT0006","ECTT0006M032","ECTT000601","MPPT",NULL,NULL,"METER",NULL,NULL,"2019-11-08 00:00:00","superadmin","2019-11-08 00:00:00","UNKNOWN","N",NULL,1,6.67,"superadmin","WS",0.3,NULL,NULL,3,NULL,2,23,1,0,NULL,NULL,NULL,"2019-11-08 00:00:00"
"ECTT0006","ECTT0006M033","ECTT000601","MPPT",NULL,NULL,"METER",NULL,NULL,"2019-11-08 00:00:00","superadmin","2019-11-08 00:00:00","UNKNOWN","N",NULL,1,6.67,"superadmin","WS",0.3,NULL,NULL,3,NULL,3,23,1,0,NULL,NULL,NULL,"2019-11-08 00:00:00"
"ECTT0006","ECTT0006M034","ECTT000601","MPPT",NULL,NULL,"METER",NULL,NULL,"2019-11-08 00:00:00","superadmin","2019-11-08 00:00:00","UNKNOWN","N",NULL,1,6.67,"superadmin","WS",0.3,NULL,NULL,3,NULL,4,23,1,0,NULL,NULL,NULL,"2019-11-08 00:00:00"
"ECTT0006","ECTT0006M035","ECTT000601","MPPT",NULL,NULL,"METER",NULL,NULL,"2019-11-08 00:00:00","superadmin","2019-11-08 00:00:00","UNKNOWN","N",NULL,1,6.67,"superadmin","WS",0.3,NULL,NULL,3,NULL,5,23,1,0,NULL,NULL,NULL,"2019-11-08 00:00:00"
"ECTT0006","ECTT0006M036","ECTT000601","MPPT",NULL,NULL,"METER",NULL,NULL,"2019-11-08 00:00:00","superadmin","2019-11-08 00:00:00","UNKNOWN","N",NULL,1,6.67,"superadmin","WS",0.3,NULL,NULL,3,NULL,6,23,1,0,NULL,NULL,NULL,"2019-11-08 00:00:00"
"ECTT0006","ECTT0006M037","ECTT000601","MPPT",NULL,NULL,"METER",NULL,NULL,"2019-11-08 00:00:00","superadmin","2019-11-08 00:00:00","UNKNOWN","N",NULL,1,6.67,"superadmin","WS",0.3,NULL,NULL,3,NULL,7,23,1,0,NULL,NULL,NULL,"2019-11-08 00:00:00"
"ECTT0006","ECTT0006M038","ECTT000601","MPPT",NULL,NULL,"METER",NULL,NULL,"2019-11-08 00:00:00","superadmin","2019-11-08 00:00:00","UNKNOWN","N",NULL,1,6.67,"superadmin","WS",0.3,NULL,NULL,3,NULL,8,23,1,0,NULL,NULL,NULL,"2019-11-08 00:00:00"
"ECTT0006","ECTT0006M039","ECTT000601","MPPT",NULL,NULL,"METER",NULL,NULL,"2019-11-08 00:00:00","superadmin","2019-11-08 00:00:00","UNKNOWN","N",NULL,1,6.67,"superadmin","WS",0.3,NULL,NULL,3,NULL,9,23,1,0,NULL,NULL,NULL,"2019-11-08 00:00:00"
"ECTT0006","ECTT0006M03a","ECTT000601","MPPT",NULL,NULL,"METER",NULL,NULL,"2019-11-08 00:00:00","superadmin","2019-11-08 00:00:00","UNKNOWN","N",NULL,1,6.67,"superadmin","WS",0.3,NULL,NULL,3,NULL,"a",23,1,0,NULL,NULL,NULL,"2019-11-08 00:00:00"
"ECTT0006","ECTT0006M040","ECTT000601","INVERTER",NULL,NULL,"METER",NULL,NULL,"2019-11-08 00:00:00","superadmin","2019-11-08 00:00:00","UNKNOWN","N",NULL,0,66.7,"superadmin",NULL,0.3,NULL,NULL,NULL,0,NULL,NULL,NULL,NULL,NULL,NULL,NULL,"2019-11-08 00:00:00"
"ECTT0006","ECTT0006M041","ECTT000601","MPPT",NULL,NULL,"METER",NULL,NULL,"2019-11-08 00:00:00","superadmin","2019-11-08 00:00:00","UNKNOWN","N",NULL,1,6.67,"superadmin","EN",0.3,NULL,NULL,4,NULL,1,23,1,0,NULL,NULL,NULL,"2019-11-08 00:00:00"
"ECTT0006","ECTT0006M042","ECTT000601","MPPT",NULL,NULL,"METER",NULL,NULL,"2019-11-08 00:00:00","superadmin","2019-11-08 00:00:00","UNKNOWN","N",NULL,1,6.67,"superadmin","EN",0.3,NULL,NULL,4,NULL,2,23,1,0,NULL,NULL,NULL,"2019-11-08 00:00:00"
"ECTT0006","ECTT0006M043","ECTT000601","MPPT",NULL,NULL,"METER",NULL,NULL,"2019-11-08 00:00:00","superadmin","2019-11-08 00:00:00","UNKNOWN","N",NULL,1,6.67,"superadmin","EN",0.3,NULL,NULL,4,NULL,3,23,1,0,NULL,NULL,NULL,"2019-11-08 00:00:00"
"ECTT0006","ECTT0006M044","ECTT000601","MPPT",NULL,NULL,"METER",NULL,NULL,"2019-11-08 00:00:00","superadmin","2019-11-08 00:00:00","UNKNOWN","N",NULL,1,6.67,"superadmin","EN",0.3,NULL,NULL,4,NULL,4,23,1,0,NULL,NULL,NULL,"2019-11-08 00:00:00"
"ECTT0006","ECTT0006M045","ECTT000601","MPPT",NULL,NULL,"METER",NULL,NULL,"2019-11-08 00:00:00","superadmin","2019-11-08 00:00:00","UNKNOWN","N",NULL,1,6.67,"superadmin","EN",0.3,NULL,NULL,4,NULL,5,23,1,0,NULL,NULL,NULL,"2019-11-08 00:00:00"
"ECTT0006","ECTT0006M046","ECTT000601","MPPT",NULL,NULL,"METER",NULL,NULL,"2019-11-08 00:00:00","superadmin","2019-11-08 00:00:00","UNKNOWN","N",NULL,1,6.67,"superadmin","EN",0.3,NULL,NULL,4,NULL,6,23,1,0,NULL,NULL,NULL,"2019-11-08 00:00:00"
"ECTT0006","ECTT0006M047","ECTT000601","MPPT",NULL,NULL,"METER",NULL,NULL,"2019-11-08 00:00:00","superadmin","2019-11-08 00:00:00","UNKNOWN","N",NULL,1,6.67,"superadmin","EN",0.3,NULL,NULL,4,NULL,7,23,1,0,NULL,NULL,NULL,"2019-11-08 00:00:00"
"ECTT0006","ECTT0006M048","ECTT000601","MPPT",NULL,NULL,"METER",NULL,NULL,"2019-11-08 00:00:00","superadmin","2019-11-08 00:00:00","UNKNOWN","N",NULL,1,6.67,"superadmin","EN",0.3,NULL,NULL,4,NULL,8,23,1,0,NULL,NULL,NULL,"2019-11-08 00:00:00"
"ECTT0006","ECTT0006M049","ECTT000601","MPPT",NULL,NULL,"METER",NULL,NULL,"2019-11-08 00:00:00","superadmin","2019-11-08 00:00:00","UNKNOWN","N",NULL,1,6.67,"superadmin","EN",0.3,NULL,NULL,4,NULL,9,23,1,0,NULL,NULL,NULL,"2019-11-08 00:00:00"
"ECTT0006","ECTT0006M04a","ECTT000601","MPPT",NULL,NULL,"METER",NULL,NULL,"2019-11-08 00:00:00","superadmin","2019-11-08 00:00:00","UNKNOWN","N",NULL,1,6.67,"superadmin","EN",0.3,NULL,NULL,4,NULL,"a",23,1,0,NULL,NULL,NULL,"2019-11-08 00:00:00"
"ECTT0006","ECTT0006M050","ECTT000601","INVERTER",NULL,NULL,"METER",NULL,NULL,"2019-11-08 00:00:00","superadmin","2019-11-08 00:00:00","UNKNOWN","N",NULL,0,66.7,"superadmin",NULL,0.3,NULL,NULL,NULL,0,NULL,NULL,NULL,NULL,NULL,NULL,NULL,"2019-11-08 00:00:00"
"ECTT0006","ECTT0006M051","ECTT000601","MPPT",NULL,NULL,"METER",NULL,NULL,"2019-11-08 00:00:00","superadmin","2019-11-08 00:00:00","UNKNOWN","N",NULL,1,6.67,"superadmin","EN",0.3,NULL,NULL,5,NULL,1,23,1,0,NULL,NULL,NULL,"2019-11-08 00:00:00"
"ECTT0006","ECTT0006M052","ECTT000601","MPPT",NULL,NULL,"METER",NULL,NULL,"2019-11-08 00:00:00","superadmin","2019-11-08 00:00:00","UNKNOWN","N",NULL,1,6.67,"superadmin","EN",0.3,NULL,NULL,5,NULL,2,23,1,0,NULL,NULL,NULL,"2019-11-08 00:00:00"
"ECTT0006","ECTT0006M053","ECTT000601","MPPT",NULL,NULL,"METER",NULL,NULL,"2019-11-08 00:00:00","superadmin","2019-11-08 00:00:00","UNKNOWN","N",NULL,1,6.67,"superadmin","EN",0.3,NULL,NULL,5,NULL,3,23,1,0,NULL,NULL,NULL,"2019-11-08 00:00:00"
"ECTT0006","ECTT0006M054","ECTT000601","MPPT",NULL,NULL,"METER",NULL,NULL,"2019-11-08 00:00:00","superadmin","2019-11-08 00:00:00","UNKNOWN","N",NULL,1,6.67,"superadmin","EN",0.3,NULL,NULL,5,NULL,4,23,1,0,NULL,NULL,NULL,"2019-11-08 00:00:00"
"ECTT0006","ECTT0006M055","ECTT000601","MPPT",NULL,NULL,"METER",NULL,NULL,"2019-11-08 00:00:00","superadmin","2019-11-08 00:00:00","UNKNOWN","N",NULL,1,6.67,"superadmin","EN",0.3,NULL,NULL,5,NULL,5,23,1,0,NULL,NULL,NULL,"2019-11-08 00:00:00"
"ECTT0006","ECTT0006M056","ECTT000601","MPPT",NULL,NULL,"METER",NULL,NULL,"2019-11-08 00:00:00","superadmin","2019-11-08 00:00:00","UNKNOWN","N",NULL,1,6.67,"superadmin","EN",0.3,NULL,NULL,5,NULL,6,23,1,0,NULL,NULL,NULL,"2019-11-08 00:00:00"
"ECTT0006","ECTT0006M057","ECTT000601","MPPT",NULL,NULL,"METER",NULL,NULL,"2019-11-08 00:00:00","superadmin","2019-11-08 00:00:00","UNKNOWN","N",NULL,1,6.67,"superadmin","EN",0.3,NULL,NULL,5,NULL,7,23,1,0,NULL,NULL,NULL,"2019-11-08 00:00:00"
"ECTT0006","ECTT0006M058","ECTT000601","MPPT",NULL,NULL,"METER",NULL,NULL,"2019-11-08 00:00:00","superadmin","2019-11-08 00:00:00","UNKNOWN","N",NULL,1,6.67,"superadmin","EN",0.3,NULL,NULL,5,NULL,8,23,1,0,NULL,NULL,NULL,"2019-11-08 00:00:00"
"ECTT0006","ECTT0006M059","ECTT000601","MPPT",NULL,NULL,"METER",NULL,NULL,"2019-11-08 00:00:00","superadmin","2019-11-08 00:00:00","UNKNOWN","N",NULL,1,6.67,"superadmin","EN",0.3,NULL,NULL,5,NULL,9,23,1,0,NULL,NULL,NULL,"2019-11-08 00:00:00"
"ECTT0006","ECTT0006M05a","ECTT000601","MPPT",NULL,NULL,"METER",NULL,NULL,"2019-11-08 00:00:00","superadmin","2019-11-08 00:00:00","UNKNOWN","N",NULL,1,6.67,"superadmin","EN",0.3,NULL,NULL,5,NULL,"a",23,1,0,NULL,NULL,NULL,"2019-11-08 00:00:00"
"ECTT0006","ECTT0006M060","ECTT000601","INVERTER",NULL,NULL,"METER",NULL,NULL,"2019-11-08 00:00:00","superadmin","2019-11-08 00:00:00","UNKNOWN","N",NULL,0,66.7,"superadmin",NULL,0.3,NULL,NULL,NULL,0,NULL,NULL,NULL,NULL,NULL,NULL,NULL,"2019-11-08 00:00:00"
"ECTT0006","ECTT0006M061","ECTT000601","MPPT",NULL,NULL,"METER",NULL,NULL,"2019-11-08 00:00:00","superadmin","2019-11-08 00:00:00","UNKNOWN","N",NULL,1,6.67,"superadmin","EN",0.3,NULL,NULL,6,NULL,1,23,1,0,NULL,NULL,NULL,"2019-11-08 00:00:00"
"ECTT0006","ECTT0006M062","ECTT000601","MPPT",NULL,NULL,"METER",NULL,NULL,"2019-11-08 00:00:00","superadmin","2019-11-08 00:00:00","UNKNOWN","N",NULL,1,6.67,"superadmin","EN",0.3,NULL,NULL,6,NULL,2,23,1,0,NULL,NULL,NULL,"2019-11-08 00:00:00"
"ECTT0006","ECTT0006M063","ECTT000601","MPPT",NULL,NULL,"METER",NULL,NULL,"2019-11-08 00:00:00","superadmin","2019-11-08 00:00:00","UNKNOWN","N",NULL,1,6.67,"superadmin","EN",0.3,NULL,NULL,6,NULL,3,23,1,0,NULL,NULL,NULL,"2019-11-08 00:00:00"
"ECTT0006","ECTT0006M064","ECTT000601","MPPT",NULL,NULL,"METER",NULL,NULL,"2019-11-08 00:00:00","superadmin","2019-11-08 00:00:00","UNKNOWN","N",NULL,1,6.67,"superadmin","EN",0.3,NULL,NULL,6,NULL,4,23,1,0,NULL,NULL,NULL,"2019-11-08 00:00:00"
"ECTT0006","ECTT0006M065","ECTT000601","MPPT",NULL,NULL,"METER",NULL,NULL,"2019-11-08 00:00:00","superadmin","2019-11-08 00:00:00","UNKNOWN","N",NULL,1,6.67,"superadmin","EN",0.3,NULL,NULL,6,NULL,5,23,1,0,NULL,NULL,NULL,"2019-11-08 00:00:00"
"ECTT0006","ECTT0006M066","ECTT000601","MPPT",NULL,NULL,"METER",NULL,NULL,"2019-11-08 00:00:00","superadmin","2019-11-08 00:00:00","UNKNOWN","N",NULL,1,6.67,"superadmin","EN",0.3,NULL,NULL,6,NULL,6,23,1,0,NULL,NULL,NULL,"2019-11-08 00:00:00"
"ECTT0006","ECTT0006M067","ECTT000601","MPPT",NULL,NULL,"METER",NULL,NULL,"2019-11-08 00:00:00","superadmin","2019-11-08 00:00:00","UNKNOWN","N",NULL,1,6.67,"superadmin","EN",0.3,NULL,NULL,6,NULL,7,23,1,0,NULL,NULL,NULL,"2019-11-08 00:00:00"
"ECTT0006","ECTT0006M068","ECTT000601","MPPT",NULL,NULL,"METER",NULL,NULL,"2019-11-08 00:00:00","superadmin","2019-11-08 00:00:00","UNKNOWN","N",NULL,1,6.67,"superadmin","EN",0.3,NULL,NULL,6,NULL,8,23,1,0,NULL,NULL,NULL,"2019-11-08 00:00:00"
"ECTT0006","ECTT0006M069","ECTT000601","MPPT",NULL,NULL,"METER",NULL,NULL,"2019-11-08 00:00:00","superadmin","2019-11-08 00:00:00","UNKNOWN","N",NULL,1,6.67,"superadmin","EN",0.3,NULL,NULL,6,NULL,9,23,1,0,NULL,NULL,NULL,"2019-11-08 00:00:00"
"ECTT0006","ECTT0006M06a","ECTT000601","MPPT",NULL,NULL,"METER",NULL,NULL,"2019-11-08 00:00:00","superadmin","2019-11-08 00:00:00","UNKNOWN","N",NULL,1,6.67,"superadmin","EN",0.3,NULL,NULL,6,NULL,"a",23,1,0,NULL,NULL,NULL,"2019-11-08 00:00:00"
"ECTT0006","ECTT0006M070","ECTT000601","INVERTER",NULL,NULL,"METER",NULL,NULL,"2019-11-08 00:00:00","superadmin","2019-11-08 00:00:00","UNKNOWN","N",NULL,0,66.7,"superadmin",NULL,0.3,NULL,NULL,NULL,0,NULL,NULL,NULL,NULL,NULL,NULL,NULL,"2019-11-08 00:00:00"
"ECTT0006","ECTT0006M071","ECTT000601","MPPT",NULL,NULL,"METER",NULL,NULL,"2019-11-08 00:00:00","superadmin","2019-11-08 00:00:00","UNKNOWN","N",NULL,1,6.67,"superadmin","EN",0.3,NULL,NULL,7,NULL,1,23,1,0,NULL,NULL,NULL,"2019-11-08 00:00:00"
"ECTT0006","ECTT0006M072","ECTT000601","MPPT",NULL,NULL,"METER",NULL,NULL,"2019-11-08 00:00:00","superadmin","2019-11-08 00:00:00","UNKNOWN","N",NULL,1,6.67,"superadmin","EN",0.3,NULL,NULL,7,NULL,2,23,1,0,NULL,NULL,NULL,"2019-11-08 00:00:00"
"ECTT0006","ECTT0006M073","ECTT000601","MPPT",NULL,NULL,"METER",NULL,NULL,"2019-11-08 00:00:00","superadmin","2019-11-08 00:00:00","UNKNOWN","N",NULL,1,6.67,"superadmin","EN",0.3,NULL,NULL,7,NULL,3,23,1,0,NULL,NULL,NULL,"2019-11-08 00:00:00"
"ECTT0006","ECTT0006M074","ECTT000601","MPPT",NULL,NULL,"METER",NULL,NULL,"2019-11-08 00:00:00","superadmin","2019-11-08 00:00:00","UNKNOWN","N",NULL,1,6.67,"superadmin","EN",0.3,NULL,NULL,7,NULL,4,23,1,0,NULL,NULL,NULL,"2019-11-08 00:00:00"
"ECTT0006","ECTT0006M075","ECTT000601","MPPT",NULL,NULL,"METER",NULL,NULL,"2019-11-08 00:00:00","superadmin","2019-11-08 00:00:00","UNKNOWN","N",NULL,1,6.67,"superadmin","EN",0.3,NULL,NULL,7,NULL,5,23,1,0,NULL,NULL,NULL,"2019-11-08 00:00:00"
"ECTT0006","ECTT0006M076","ECTT000601","MPPT",NULL,NULL,"METER",NULL,NULL,"2019-11-08 00:00:00","superadmin","2019-11-08 00:00:00","UNKNOWN","N",NULL,1,6.67,"superadmin","EN",0.3,NULL,NULL,7,NULL,6,23,1,0,NULL,NULL,NULL,"2019-11-08 00:00:00"
"ECTT0006","ECTT0006M077","ECTT000601","MPPT",NULL,NULL,"METER",NULL,NULL,"2019-11-08 00:00:00","superadmin","2019-11-08 00:00:00","UNKNOWN","N",NULL,1,6.67,"superadmin","EN",0.3,NULL,NULL,7,NULL,7,23,1,0,NULL,NULL,NULL,"2019-11-08 00:00:00"
"ECTT0006","ECTT0006M078","ECTT000601","MPPT",NULL,NULL,"METER",NULL,NULL,"2019-11-08 00:00:00","superadmin","2019-11-08 00:00:00","UNKNOWN","N",NULL,1,6.67,"superadmin","EN",0.3,NULL,NULL,7,NULL,8,23,1,0,NULL,NULL,NULL,"2019-11-08 00:00:00"
"ECTT0006","ECTT0006M079","ECTT000601","MPPT",NULL,NULL,"METER",NULL,NULL,"2019-11-08 00:00:00","superadmin","2019-11-08 00:00:00","UNKNOWN","N",NULL,1,6.67,"superadmin","EN",0.3,NULL,NULL,7,NULL,9,23,1,0,NULL,NULL,NULL,"2019-11-08 00:00:00"
"ECTT0006","ECTT0006M07a","ECTT000601","MPPT",NULL,NULL,"METER",NULL,NULL,"2019-11-08 00:00:00","superadmin","2019-11-08 00:00:00","UNKNOWN","N",NULL,1,6.67,"superadmin","EN",0.3,NULL,NULL,7,NULL,"a",23,1,0,NULL,NULL,NULL,"2019-11-08 00:00:00"
"ECTT0006","ECTT0006M080","ECTT000601","INVERTER",NULL,NULL,"METER",NULL,NULL,"2019-11-08 00:00:00","superadmin","2019-11-08 00:00:00","UNKNOWN","N",NULL,0,29.29,"superadmin",NULL,0.3,NULL,NULL,NULL,0,NULL,NULL,NULL,NULL,NULL,NULL,NULL,"2019-11-08 00:00:00"
"ECTT0006","ECTT0006M081","ECTT000601","MPPT",NULL,NULL,"METER",NULL,NULL,"2019-11-08 00:00:00","superadmin","2019-11-08 00:00:00","UNKNOWN","N",NULL,1,11.02,"superadmin","WS",0.3,NULL,NULL,8,NULL,1,19,2,0,NULL,NULL,NULL,"2019-11-08 00:00:00"
"ECTT0006","ECTT0006M082","ECTT000601","MPPT",NULL,NULL,"METER",NULL,NULL,"2019-11-08 00:00:00","superadmin","2019-11-08 00:00:00","UNKNOWN","N",NULL,1,18.27,"superadmin","WS",0.3,NULL,NULL,8,NULL,2,21,3,0,NULL,NULL,NULL,"2019-11-08 00:00:00"
"ECTT0006","ECTT0006M090","ECTT000601","INVERTER",NULL,NULL,"METER",NULL,NULL,"2019-11-08 00:00:00","superadmin","2019-11-08 00:00:00","UNKNOWN","N",NULL,0,66.7,"superadmin",NULL,0.3,NULL,NULL,NULL,0,NULL,NULL,NULL,NULL,NULL,NULL,NULL,"2019-11-08 00:00:00"
"ECTT0006","ECTT0006M091","ECTT000601","MPPT",NULL,NULL,"METER",NULL,NULL,"2019-11-08 00:00:00","superadmin","2019-11-08 00:00:00","UNKNOWN","N",NULL,1,6.67,"superadmin","WS",0.3,NULL,NULL,9,NULL,1,23,1,0,NULL,NULL,NULL,"2019-11-08 00:00:00"
"ECTT0006","ECTT0006M092","ECTT000601","MPPT",NULL,NULL,"METER",NULL,NULL,"2019-11-08 00:00:00","superadmin","2019-11-08 00:00:00","UNKNOWN","N",NULL,1,6.67,"superadmin","WS",0.3,NULL,NULL,9,NULL,2,23,1,0,NULL,NULL,NULL,"2019-11-08 00:00:00"
"ECTT0006","ECTT0006M093","ECTT000601","MPPT",NULL,NULL,"METER",NULL,NULL,"2019-11-08 00:00:00","superadmin","2019-11-08 00:00:00","UNKNOWN","N",NULL,1,6.67,"superadmin","WS",0.3,NULL,NULL,9,NULL,3,23,1,0,NULL,NULL,NULL,"2019-11-08 00:00:00"
"ECTT0006","ECTT0006M094","ECTT000601","MPPT",NULL,NULL,"METER",NULL,NULL,"2019-11-08 00:00:00","superadmin","2019-11-08 00:00:00","UNKNOWN","N",NULL,1,6.67,"superadmin","WS",0.3,NULL,NULL,9,NULL,4,23,1,0,NULL,NULL,NULL,"2019-11-08 00:00:00"
"ECTT0006","ECTT0006M095","ECTT000601","MPPT",NULL,NULL,"METER",NULL,NULL,"2019-11-08 00:00:00","superadmin","2019-11-08 00:00:00","UNKNOWN","N",NULL,1,6.67,"superadmin","WS",0.3,NULL,NULL,9,NULL,5,23,1,0,NULL,NULL,NULL,"2019-11-08 00:00:00"
"ECTT0006","ECTT0006M096","ECTT000601","MPPT",NULL,NULL,"METER",NULL,NULL,"2019-11-08 00:00:00","superadmin","2019-11-08 00:00:00","UNKNOWN","N",NULL,1,6.67,"superadmin","WS",0.3,NULL,NULL,9,NULL,6,23,1,0,NULL,NULL,NULL,"2019-11-08 00:00:00"
"ECTT0006","ECTT0006M097","ECTT000601","MPPT",NULL,NULL,"METER",NULL,NULL,"2019-11-08 00:00:00","superadmin","2019-11-08 00:00:00","UNKNOWN","N",NULL,1,6.67,"superadmin","WS",0.3,NULL,NULL,9,NULL,7,23,1,0,NULL,NULL,NULL,"2019-11-08 00:00:00"
"ECTT0006","ECTT0006M098","ECTT000601","MPPT",NULL,NULL,"METER",NULL,NULL,"2019-11-08 00:00:00","superadmin","2019-11-08 00:00:00","UNKNOWN","N",NULL,1,6.67,"superadmin","WS",0.3,NULL,NULL,9,NULL,8,23,1,0,NULL,NULL,NULL,"2019-11-08 00:00:00"
"ECTT0006","ECTT0006M099","ECTT000601","MPPT",NULL,NULL,"METER",NULL,NULL,"2019-11-08 00:00:00","superadmin","2019-11-08 00:00:00","UNKNOWN","N",NULL,1,6.67,"superadmin","WS",0.3,NULL,NULL,9,NULL,9,23,1,0,NULL,NULL,NULL,"2019-11-08 00:00:00"
"ECTT0006","ECTT0006M09a","ECTT000601","MPPT",NULL,NULL,"METER",NULL,NULL,"2019-11-08 00:00:00","superadmin","2019-11-08 00:00:00","UNKNOWN","N",NULL,1,6.67,"superadmin","WS",0.3,NULL,NULL,9,NULL,"a",23,1,0,NULL,NULL,NULL,"2019-11-08 00:00:00"
"ECTT0006","ECTT0006M100","ECTT000601","INVERTER",NULL,NULL,"METER",NULL,NULL,"2019-11-08 00:00:00","superadmin","2019-11-08 00:00:00","UNKNOWN","N",NULL,0,66.7,"superadmin",NULL,0.3,NULL,NULL,NULL,0,NULL,NULL,NULL,NULL,NULL,NULL,NULL,"2019-11-08 00:00:00"
"ECTT0006","ECTT0006M101","ECTT000601","MPPT",NULL,NULL,"METER",NULL,NULL,"2019-11-08 00:00:00","superadmin","2019-11-08 00:00:00","UNKNOWN","N",NULL,1,6.67,"superadmin","WS",0.3,NULL,NULL,10,NULL,1,23,1,0,NULL,NULL,NULL,"2019-11-08 00:00:00"
"ECTT0006","ECTT0006M102","ECTT000601","MPPT",NULL,NULL,"METER",NULL,NULL,"2019-11-08 00:00:00","superadmin","2019-11-08 00:00:00","UNKNOWN","N",NULL,1,6.67,"superadmin","WS",0.3,NULL,NULL,10,NULL,2,23,1,0,NULL,NULL,NULL,"2019-11-08 00:00:00"
"ECTT0006","ECTT0006M103","ECTT000601","MPPT",NULL,NULL,"METER",NULL,NULL,"2019-11-08 00:00:00","superadmin","2019-11-08 00:00:00","UNKNOWN","N",NULL,1,6.67,"superadmin","WS",0.3,NULL,NULL,10,NULL,3,23,1,0,NULL,NULL,NULL,"2019-11-08 00:00:00"
"ECTT0006","ECTT0006M104","ECTT000601","MPPT",NULL,NULL,"METER",NULL,NULL,"2019-11-08 00:00:00","superadmin","2019-11-08 00:00:00","UNKNOWN","N",NULL,1,6.67,"superadmin","WS",0.3,NULL,NULL,10,NULL,4,23,1,0,NULL,NULL,NULL,"2019-11-08 00:00:00"
"ECTT0006","ECTT0006M105","ECTT000601","MPPT",NULL,NULL,"METER",NULL,NULL,"2019-11-08 00:00:00","superadmin","2019-11-08 00:00:00","UNKNOWN","N",NULL,1,6.67,"superadmin","WS",0.3,NULL,NULL,10,NULL,5,23,1,0,NULL,NULL,NULL,"2019-11-08 00:00:00"
"ECTT0006","ECTT0006M106","ECTT000601","MPPT",NULL,NULL,"METER",NULL,NULL,"2019-11-08 00:00:00","superadmin","2019-11-08 00:00:00","UNKNOWN","N",NULL,1,6.67,"superadmin","WS",0.3,NULL,NULL,10,NULL,6,23,1,0,NULL,NULL,NULL,"2019-11-08 00:00:00"
"ECTT0006","ECTT0006M107","ECTT000601","MPPT",NULL,NULL,"METER",NULL,NULL,"2019-11-08 00:00:00","superadmin","2019-11-08 00:00:00","UNKNOWN","N",NULL,1,6.67,"superadmin","WS",0.3,NULL,NULL,10,NULL,7,23,1,0,NULL,NULL,NULL,"2019-11-08 00:00:00"
"ECTT0006","ECTT0006M108","ECTT000601","MPPT",NULL,NULL,"METER",NULL,NULL,"2019-11-08 00:00:00","superadmin","2019-11-08 00:00:00","UNKNOWN","N",NULL,1,6.67,"superadmin","WS",0.3,NULL,NULL,10,NULL,8,23,1,0,NULL,NULL,NULL,"2019-11-08 00:00:00"
"ECTT0006","ECTT0006M109","ECTT000601","MPPT",NULL,NULL,"METER",NULL,NULL,"2019-11-08 00:00:00","superadmin","2019-11-08 00:00:00","UNKNOWN","N",NULL,1,6.67,"superadmin","WS",0.3,NULL,NULL,10,NULL,9,23,1,0,NULL,NULL,NULL,"2019-11-08 00:00:00"
"ECTT0006","ECTT0006M10a","ECTT000601","MPPT",NULL,NULL,"METER",NULL,NULL,"2019-11-08 00:00:00","superadmin","2019-11-08 00:00:00","UNKNOWN","N",NULL,1,6.67,"superadmin","WS",0.3,NULL,NULL,10,NULL,"a",23,1,0,NULL,NULL,NULL,"2019-11-08 00:00:00"
"ECTT0006","ECTT0006M110","ECTT000601","INVERTER",NULL,NULL,"METER",NULL,NULL,"2019-11-08 00:00:00","superadmin","2019-11-08 00:00:00","UNKNOWN","N",NULL,0,66.7,"superadmin",NULL,0.3,NULL,NULL,NULL,0,NULL,NULL,NULL,NULL,NULL,NULL,NULL,"2019-11-08 00:00:00"
"ECTT0006","ECTT0006M111","ECTT000601","MPPT",NULL,NULL,"METER",NULL,NULL,"2019-11-08 00:00:00","superadmin","2019-11-08 00:00:00","UNKNOWN","N",NULL,1,6.67,"superadmin","WS",0.3,NULL,NULL,11,NULL,1,23,1,0,NULL,NULL,NULL,"2019-11-08 00:00:00"
"ECTT0006","ECTT0006M112","ECTT000601","MPPT",NULL,NULL,"METER",NULL,NULL,"2019-11-08 00:00:00","superadmin","2019-11-08 00:00:00","UNKNOWN","N",NULL,1,6.67,"superadmin","WS",0.3,NULL,NULL,11,NULL,2,23,1,0,NULL,NULL,NULL,"2019-11-08 00:00:00"
"ECTT0006","ECTT0006M113","ECTT000601","MPPT",NULL,NULL,"METER",NULL,NULL,"2019-11-08 00:00:00","superadmin","2019-11-08 00:00:00","UNKNOWN","N",NULL,1,6.67,"superadmin","WS",0.3,NULL,NULL,11,NULL,3,23,1,0,NULL,NULL,NULL,"2019-11-08 00:00:00"
"ECTT0006","ECTT0006M114","ECTT000601","MPPT",NULL,NULL,"METER",NULL,NULL,"2019-11-08 00:00:00","superadmin","2019-11-08 00:00:00","UNKNOWN","N",NULL,1,6.67,"superadmin","WS",0.3,NULL,NULL,11,NULL,4,23,1,0,NULL,NULL,NULL,"2019-11-08 00:00:00"
"ECTT0006","ECTT0006M115","ECTT000601","MPPT",NULL,NULL,"METER",NULL,NULL,"2019-11-08 00:00:00","superadmin","2019-11-08 00:00:00","UNKNOWN","N",NULL,1,6.67,"superadmin","WS",0.3,NULL,NULL,11,NULL,5,23,1,0,NULL,NULL,NULL,"2019-11-08 00:00:00"
"ECTT0006","ECTT0006M116","ECTT000601","MPPT",NULL,NULL,"METER",NULL,NULL,"2019-11-08 00:00:00","superadmin","2019-11-08 00:00:00","UNKNOWN","N",NULL,1,6.67,"superadmin","WS",0.3,NULL,NULL,11,NULL,6,23,1,0,NULL,NULL,NULL,"2019-11-08 00:00:00"
"ECTT0006","ECTT0006M117","ECTT000601","MPPT",NULL,NULL,"METER",NULL,NULL,"2019-11-08 00:00:00","superadmin","2019-11-08 00:00:00","UNKNOWN","N",NULL,1,6.67,"superadmin","WS",0.3,NULL,NULL,11,NULL,7,23,1,0,NULL,NULL,NULL,"2019-11-08 00:00:00"
"ECTT0006","ECTT0006M118","ECTT000601","MPPT",NULL,NULL,"METER",NULL,NULL,"2019-11-08 00:00:00","superadmin","2019-11-08 00:00:00","UNKNOWN","N",NULL,1,6.67,"superadmin","WS",0.3,NULL,NULL,11,NULL,8,23,1,0,NULL,NULL,NULL,"2019-11-08 00:00:00"
"ECTT0006","ECTT0006M119","ECTT000601","MPPT",NULL,NULL,"METER",NULL,NULL,"2019-11-08 00:00:00","superadmin","2019-11-08 00:00:00","UNKNOWN","N",NULL,1,6.67,"superadmin","WS",0.3,NULL,NULL,11,NULL,9,23,1,0,NULL,NULL,NULL,"2019-11-08 00:00:00"
"ECTT0006","ECTT0006M11a","ECTT000601","MPPT",NULL,NULL,"METER",NULL,NULL,"2019-11-08 00:00:00","superadmin","2019-11-08 00:00:00","UNKNOWN","N",NULL,1,6.67,"superadmin","WS",0.3,NULL,NULL,11,NULL,"a",23,1,0,NULL,NULL,NULL,"2019-11-08 00:00:00"
"ECTT0006","ECTT0006M120","ECTT000601","INVERTER",NULL,NULL,"METER",NULL,NULL,"2019-11-08 00:00:00","superadmin","2019-11-08 00:00:00","UNKNOWN","N",NULL,0,66.7,"superadmin",NULL,0.3,NULL,NULL,NULL,0,NULL,NULL,NULL,NULL,NULL,NULL,NULL,"2019-11-08 00:00:00"
"ECTT0006","ECTT0006M121","ECTT000601","MPPT",NULL,NULL,"METER",NULL,NULL,"2019-11-08 00:00:00","superadmin","2019-11-08 00:00:00","UNKNOWN","N",NULL,1,6.67,"superadmin","WS",0.3,NULL,NULL,12,NULL,1,23,1,0,NULL,NULL,NULL,"2019-11-08 00:00:00"
"ECTT0006","ECTT0006M122","ECTT000601","MPPT",NULL,NULL,"METER",NULL,NULL,"2019-11-08 00:00:00","superadmin","2019-11-08 00:00:00","UNKNOWN","N",NULL,1,6.67,"superadmin","WS",0.3,NULL,NULL,12,NULL,2,23,1,0,NULL,NULL,NULL,"2019-11-08 00:00:00"
"ECTT0006","ECTT0006M123","ECTT000601","MPPT",NULL,NULL,"METER",NULL,NULL,"2019-11-08 00:00:00","superadmin","2019-11-08 00:00:00","UNKNOWN","N",NULL,1,6.67,"superadmin","WS",0.3,NULL,NULL,12,NULL,3,23,1,0,NULL,NULL,NULL,"2019-11-08 00:00:00"
"ECTT0006","ECTT0006M124","ECTT000601","MPPT",NULL,NULL,"METER",NULL,NULL,"2019-11-08 00:00:00","superadmin","2019-11-08 00:00:00","UNKNOWN","N",NULL,1,6.67,"superadmin","WS",0.3,NULL,NULL,12,NULL,4,23,1,0,NULL,NULL,NULL,"2019-11-08 00:00:00"
"ECTT0006","ECTT0006M125","ECTT000601","MPPT",NULL,NULL,"METER",NULL,NULL,"2019-11-08 00:00:00","superadmin","2019-11-08 00:00:00","UNKNOWN","N",NULL,1,6.67,"superadmin","WS",0.3,NULL,NULL,12,NULL,5,23,1,0,NULL,NULL,NULL,"2019-11-08 00:00:00"
"ECTT0006","ECTT0006M126","ECTT000601","MPPT",NULL,NULL,"METER",NULL,NULL,"2019-11-08 00:00:00","superadmin","2019-11-08 00:00:00","UNKNOWN","N",NULL,1,6.67,"superadmin","WS",0.3,NULL,NULL,12,NULL,6,23,1,0,NULL,NULL,NULL,"2019-11-08 00:00:00"
"ECTT0006","ECTT0006M127","ECTT000601","MPPT",NULL,NULL,"METER",NULL,NULL,"2019-11-08 00:00:00","superadmin","2019-11-08 00:00:00","UNKNOWN","N",NULL,1,6.67,"superadmin","WS",0.3,NULL,NULL,12,NULL,7,23,1,0,NULL,NULL,NULL,"2019-11-08 00:00:00"
"ECTT0006","ECTT0006M128","ECTT000601","MPPT",NULL,NULL,"METER",NULL,NULL,"2019-11-08 00:00:00","superadmin","2019-11-08 00:00:00","UNKNOWN","N",NULL,1,6.67,"superadmin","WS",0.3,NULL,NULL,12,NULL,8,23,1,0,NULL,NULL,NULL,"2019-11-08 00:00:00"
"ECTT0006","ECTT0006M129","ECTT000601","MPPT",NULL,NULL,"METER",NULL,NULL,"2019-11-08 00:00:00","superadmin","2019-11-08 00:00:00","UNKNOWN","N",NULL,1,6.67,"superadmin","WS",0.3,NULL,NULL,12,NULL,9,23,1,0,NULL,NULL,NULL,"2019-11-08 00:00:00"
"ECTT0006","ECTT0006M12a","ECTT000601","MPPT",NULL,NULL,"METER",NULL,NULL,"2019-11-08 00:00:00","superadmin","2019-11-08 00:00:00","UNKNOWN","N",NULL,1,6.67,"superadmin","WS",0.3,NULL,NULL,12,NULL,"a",23,1,0,NULL,NULL,NULL,"2019-11-08 00:00:00"
"ECTT0006","ECTT0006M130","ECTT000601","INVERTER",NULL,NULL,"METER",NULL,NULL,"2019-11-08 00:00:00","superadmin","2019-11-08 00:00:00","UNKNOWN","N",NULL,0,66.7,"superadmin",NULL,0.3,NULL,NULL,NULL,0,NULL,NULL,NULL,NULL,NULL,NULL,NULL,"2019-11-08 00:00:00"
"ECTT0006","ECTT0006M131","ECTT000601","MPPT",NULL,NULL,"METER",NULL,NULL,"2019-11-08 00:00:00","superadmin","2019-11-08 00:00:00","UNKNOWN","N",NULL,1,6.67,"superadmin","EN",0.3,NULL,NULL,13,NULL,1,23,1,0,NULL,NULL,NULL,"2019-11-08 00:00:00"
"ECTT0006","ECTT0006M132","ECTT000601","MPPT",NULL,NULL,"METER",NULL,NULL,"2019-11-08 00:00:00","superadmin","2019-11-08 00:00:00","UNKNOWN","N",NULL,1,6.67,"superadmin","EN",0.3,NULL,NULL,13,NULL,2,23,1,0,NULL,NULL,NULL,"2019-11-08 00:00:00"
"ECTT0006","ECTT0006M133","ECTT000601","MPPT",NULL,NULL,"METER",NULL,NULL,"2019-11-08 00:00:00","superadmin","2019-11-08 00:00:00","UNKNOWN","N",NULL,1,6.67,"superadmin","EN",0.3,NULL,NULL,13,NULL,3,23,1,0,NULL,NULL,NULL,"2019-11-08 00:00:00"
"ECTT0006","ECTT0006M134","ECTT000601","MPPT",NULL,NULL,"METER",NULL,NULL,"2019-11-08 00:00:00","superadmin","2019-11-08 00:00:00","UNKNOWN","N",NULL,1,6.67,"superadmin","EN",0.3,NULL,NULL,13,NULL,4,23,1,0,NULL,NULL,NULL,"2019-11-08 00:00:00"
"ECTT0006","ECTT0006M135","ECTT000601","MPPT",NULL,NULL,"METER",NULL,NULL,"2019-11-08 00:00:00","superadmin","2019-11-08 00:00:00","UNKNOWN","N",NULL,1,6.67,"superadmin","EN",0.3,NULL,NULL,13,NULL,5,23,1,0,NULL,NULL,NULL,"2019-11-08 00:00:00"
"ECTT0006","ECTT0006M136","ECTT000601","MPPT",NULL,NULL,"METER",NULL,NULL,"2019-11-08 00:00:00","superadmin","2019-11-08 00:00:00","UNKNOWN","N",NULL,1,6.67,"superadmin","EN",0.3,NULL,NULL,13,NULL,6,23,1,0,NULL,NULL,NULL,"2019-11-08 00:00:00"
"ECTT0006","ECTT0006M137","ECTT000601","MPPT",NULL,NULL,"METER",NULL,NULL,"2019-11-08 00:00:00","superadmin","2019-11-08 00:00:00","UNKNOWN","N",NULL,1,6.67,"superadmin","EN",0.3,NULL,NULL,13,NULL,7,23,1,0,NULL,NULL,NULL,"2019-11-08 00:00:00"
"ECTT0006","ECTT0006M138","ECTT000601","MPPT",NULL,NULL,"METER",NULL,NULL,"2019-11-08 00:00:00","superadmin","2019-11-08 00:00:00","UNKNOWN","N",NULL,1,6.67,"superadmin","EN",0.3,NULL,NULL,13,NULL,8,23,1,0,NULL,NULL,NULL,"2019-11-08 00:00:00"
"ECTT0006","ECTT0006M139","ECTT000601","MPPT",NULL,NULL,"METER",NULL,NULL,"2019-11-08 00:00:00","superadmin","2019-11-08 00:00:00","UNKNOWN","N",NULL,1,6.67,"superadmin","EN",0.3,NULL,NULL,13,NULL,9,23,1,0,NULL,NULL,NULL,"2019-11-08 00:00:00"
"ECTT0006","ECTT0006M13a","ECTT000601","MPPT",NULL,NULL,"METER",NULL,NULL,"2019-11-08 00:00:00","superadmin","2019-11-08 00:00:00","UNKNOWN","N",NULL,1,6.67,"superadmin","EN",0.3,NULL,NULL,13,NULL,"a",23,1,0,NULL,NULL,NULL,"2019-11-08 00:00:00"
"ECTT0006","ECTT0006M140","ECTT000601","INVERTER",NULL,NULL,"METER",NULL,NULL,"2019-11-08 00:00:00","superadmin","2019-11-08 00:00:00","UNKNOWN","N",NULL,0,66.7,"superadmin",NULL,0.3,NULL,NULL,NULL,0,NULL,NULL,NULL,NULL,NULL,NULL,NULL,"2019-11-08 00:00:00"
"ECTT0006","ECTT0006M141","ECTT000601","MPPT",NULL,NULL,"METER",NULL,NULL,"2019-11-08 00:00:00","superadmin","2019-11-08 00:00:00","UNKNOWN","N",NULL,1,6.67,"superadmin","EN",0.3,NULL,NULL,14,NULL,1,23,1,0,NULL,NULL,NULL,"2019-11-08 00:00:00"
"ECTT0006","ECTT0006M142","ECTT000601","MPPT",NULL,NULL,"METER",NULL,NULL,"2019-11-08 00:00:00","superadmin","2019-11-08 00:00:00","UNKNOWN","N",NULL,1,6.67,"superadmin","EN",0.3,NULL,NULL,14,NULL,2,23,1,0,NULL,NULL,NULL,"2019-11-08 00:00:00"
"ECTT0006","ECTT0006M143","ECTT000601","MPPT",NULL,NULL,"METER",NULL,NULL,"2019-11-08 00:00:00","superadmin","2019-11-08 00:00:00","UNKNOWN","N",NULL,1,6.67,"superadmin","EN",0.3,NULL,NULL,14,NULL,3,23,1,0,NULL,NULL,NULL,"2019-11-08 00:00:00"
"ECTT0006","ECTT0006M144","ECTT000601","MPPT",NULL,NULL,"METER",NULL,NULL,"2019-11-08 00:00:00","superadmin","2019-11-08 00:00:00","UNKNOWN","N",NULL,1,6.67,"superadmin","EN",0.3,NULL,NULL,14,NULL,4,23,1,0,NULL,NULL,NULL,"2019-11-08 00:00:00"
"ECTT0006","ECTT0006M145","ECTT000601","MPPT",NULL,NULL,"METER",NULL,NULL,"2019-11-08 00:00:00","superadmin","2019-11-08 00:00:00","UNKNOWN","N",NULL,1,6.67,"superadmin","EN",0.3,NULL,NULL,14,NULL,5,23,1,0,NULL,NULL,NULL,"2019-11-08 00:00:00"
"ECTT0006","ECTT0006M146","ECTT000601","MPPT",NULL,NULL,"METER",NULL,NULL,"2019-11-08 00:00:00","superadmin","2019-11-08 00:00:00","UNKNOWN","N",NULL,1,6.67,"superadmin","EN",0.3,NULL,NULL,14,NULL,6,23,1,0,NULL,NULL,NULL,"2019-11-08 00:00:00"
"ECTT0006","ECTT0006M147","ECTT000601","MPPT",NULL,NULL,"METER",NULL,NULL,"2019-11-08 00:00:00","superadmin","2019-11-08 00:00:00","UNKNOWN","N",NULL,1,6.67,"superadmin","EN",0.3,NULL,NULL,14,NULL,7,23,1,0,NULL,NULL,NULL,"2019-11-08 00:00:00"
"ECTT0006","ECTT0006M148","ECTT000601","MPPT",NULL,NULL,"METER",NULL,NULL,"2019-11-08 00:00:00","superadmin","2019-11-08 00:00:00","UNKNOWN","N",NULL,1,6.67,"superadmin","EN",0.3,NULL,NULL,14,NULL,8,23,1,0,NULL,NULL,NULL,"2019-11-08 00:00:00"
"ECTT0006","ECTT0006M149","ECTT000601","MPPT",NULL,NULL,"METER",NULL,NULL,"2019-11-08 00:00:00","superadmin","2019-11-08 00:00:00","UNKNOWN","N",NULL,1,6.67,"superadmin","EN",0.3,NULL,NULL,14,NULL,9,23,1,0,NULL,NULL,NULL,"2019-11-08 00:00:00"
"ECTT0006","ECTT0006M14a","ECTT000601","MPPT",NULL,NULL,"METER",NULL,NULL,"2019-11-08 00:00:00","superadmin","2019-11-08 00:00:00","UNKNOWN","N",NULL,1,6.67,"superadmin","EN",0.3,NULL,NULL,14,NULL,"a",23,1,0,NULL,NULL,NULL,"2019-11-08 00:00:00"
"ECTT0006","ECTT0006M150","ECTT000601","INVERTER",NULL,NULL,"METER",NULL,NULL,"2019-11-08 00:00:00","superadmin","2019-11-08 00:00:00","UNKNOWN","N",NULL,0,66.7,"superadmin",NULL,0.3,NULL,NULL,NULL,0,NULL,NULL,NULL,NULL,NULL,NULL,NULL,"2019-11-08 00:00:00"
"ECTT0006","ECTT0006M151","ECTT000601","MPPT",NULL,NULL,"METER",NULL,NULL,"2019-11-08 00:00:00","superadmin","2019-11-08 00:00:00","UNKNOWN","N",NULL,1,6.67,"superadmin","EN",0.3,NULL,NULL,15,NULL,1,23,1,0,NULL,NULL,NULL,"2019-11-08 00:00:00"
"ECTT0006","ECTT0006M152","ECTT000601","MPPT",NULL,NULL,"METER",NULL,NULL,"2019-11-08 00:00:00","superadmin","2019-11-08 00:00:00","UNKNOWN","N",NULL,1,6.67,"superadmin","EN",0.3,NULL,NULL,15,NULL,2,23,1,0,NULL,NULL,NULL,"2019-11-08 00:00:00"
"ECTT0006","ECTT0006M153","ECTT000601","MPPT",NULL,NULL,"METER",NULL,NULL,"2019-11-08 00:00:00","superadmin","2019-11-08 00:00:00","UNKNOWN","N",NULL,1,6.67,"superadmin","EN",0.3,NULL,NULL,15,NULL,3,23,1,0,NULL,NULL,NULL,"2019-11-08 00:00:00"
"ECTT0006","ECTT0006M154","ECTT000601","MPPT",NULL,NULL,"METER",NULL,NULL,"2019-11-08 00:00:00","superadmin","2019-11-08 00:00:00","UNKNOWN","N",NULL,1,6.67,"superadmin","EN",0.3,NULL,NULL,15,NULL,4,23,1,0,NULL,NULL,NULL,"2019-11-08 00:00:00"
"ECTT0006","ECTT0006M155","ECTT000601","MPPT",NULL,NULL,"METER",NULL,NULL,"2019-11-08 00:00:00","superadmin","2019-11-08 00:00:00","UNKNOWN","N",NULL,1,6.67,"superadmin","EN",0.3,NULL,NULL,15,NULL,5,23,1,0,NULL,NULL,NULL,"2019-11-08 00:00:00"
"ECTT0006","ECTT0006M156","ECTT000601","MPPT",NULL,NULL,"METER",NULL,NULL,"2019-11-08 00:00:00","superadmin","2019-11-08 00:00:00","UNKNOWN","N",NULL,1,6.67,"superadmin","EN",0.3,NULL,NULL,15,NULL,6,23,1,0,NULL,NULL,NULL,"2019-11-08 00:00:00"
"ECTT0006","ECTT0006M157","ECTT000601","MPPT",NULL,NULL,"METER",NULL,NULL,"2019-11-08 00:00:00","superadmin","2019-11-08 00:00:00","UNKNOWN","N",NULL,1,6.67,"superadmin","EN",0.3,NULL,NULL,15,NULL,7,23,1,0,NULL,NULL,NULL,"2019-11-08 00:00:00"
"ECTT0006","ECTT0006M158","ECTT000601","MPPT",NULL,NULL,"METER",NULL,NULL,"2019-11-08 00:00:00","superadmin","2019-11-08 00:00:00","UNKNOWN","N",NULL,1,6.67,"superadmin","EN",0.3,NULL,NULL,15,NULL,8,23,1,0,NULL,NULL,NULL,"2019-11-08 00:00:00"
"ECTT0006","ECTT0006M159","ECTT000601","MPPT",NULL,NULL,"METER",NULL,NULL,"2019-11-08 00:00:00","superadmin","2019-11-08 00:00:00","UNKNOWN","N",NULL,1,6.67,"superadmin","EN",0.3,NULL,NULL,15,NULL,9,23,1,0,NULL,NULL,NULL,"2019-11-08 00:00:00"
"ECTT0006","ECTT0006M15a","ECTT000601","MPPT",NULL,NULL,"METER",NULL,NULL,"2019-11-08 00:00:00","superadmin","2019-11-08 00:00:00","UNKNOWN","N",NULL,1,6.67,"superadmin","EN",0.3,NULL,NULL,15,NULL,"a",23,1,0,NULL,NULL,NULL,"2019-11-08 00:00:00"
"ECTT0006","ECTT0006M160","ECTT000601","INVERTER",NULL,NULL,"METER",NULL,NULL,"2019-11-08 00:00:00","superadmin","2019-11-08 00:00:00","UNKNOWN","N",NULL,0,29.29,"superadmin",NULL,0.3,NULL,NULL,NULL,0,NULL,NULL,NULL,NULL,NULL,NULL,NULL,"2019-11-08 00:00:00"
"ECTT0006","ECTT0006M161","ECTT000601","MPPT",NULL,NULL,"METER",NULL,NULL,"2019-11-08 00:00:00","superadmin","2019-11-08 00:00:00","UNKNOWN","N",NULL,1,11.02,"superadmin","EN",0.3,NULL,NULL,16,NULL,1,19,2,0,NULL,NULL,NULL,"2019-11-08 00:00:00"
"ECTT0006","ECTT0006M162","ECTT000601","MPPT",NULL,NULL,"METER",NULL,NULL,"2019-11-08 00:00:00","superadmin","2019-11-08 00:00:00","UNKNOWN","N",NULL,1,18.27,"superadmin","EN",0.3,NULL,NULL,16,NULL,2,21,3,0,NULL,NULL,NULL,"2019-11-08 00:00:00"
"ECTT0006","ECTT0006M170","ECTT000601","INVERTER",NULL,NULL,"METER",NULL,NULL,"2019-11-08 00:00:00","superadmin","2019-11-08 00:00:00","UNKNOWN","N",NULL,0,66.7,"superadmin",NULL,0.3,NULL,NULL,NULL,0,NULL,NULL,NULL,NULL,NULL,NULL,NULL,"2019-11-08 00:00:00"
"ECTT0006","ECTT0006M171","ECTT000601","MPPT",NULL,NULL,"METER",NULL,NULL,"2019-11-08 00:00:00","superadmin","2019-11-08 00:00:00","UNKNOWN","N",NULL,1,6.67,"superadmin","WS",0.3,NULL,NULL,17,NULL,1,23,1,0,NULL,NULL,NULL,"2019-11-08 00:00:00"
"ECTT0006","ECTT0006M172","ECTT000601","MPPT",NULL,NULL,"METER",NULL,NULL,"2019-11-08 00:00:00","superadmin","2019-11-08 00:00:00","UNKNOWN","N",NULL,1,6.67,"superadmin","WS",0.3,NULL,NULL,17,NULL,2,23,1,0,NULL,NULL,NULL,"2019-11-08 00:00:00"
"ECTT0006","ECTT0006M173","ECTT000601","MPPT",NULL,NULL,"METER",NULL,NULL,"2019-11-08 00:00:00","superadmin","2019-11-08 00:00:00","UNKNOWN","N",NULL,1,6.67,"superadmin","WS",0.3,NULL,NULL,17,NULL,3,23,1,0,NULL,NULL,NULL,"2019-11-08 00:00:00"
"ECTT0006","ECTT0006M174","ECTT000601","MPPT",NULL,NULL,"METER",NULL,NULL,"2019-11-08 00:00:00","superadmin","2019-11-08 00:00:00","UNKNOWN","N",NULL,1,6.67,"superadmin","WS",0.3,NULL,NULL,17,NULL,4,23,1,0,NULL,NULL,NULL,"2019-11-08 00:00:00"
"ECTT0006","ECTT0006M175","ECTT000601","MPPT",NULL,NULL,"METER",NULL,NULL,"2019-11-08 00:00:00","superadmin","2019-11-08 00:00:00","UNKNOWN","N",NULL,1,6.67,"superadmin","WS",0.3,NULL,NULL,17,NULL,5,23,1,0,NULL,NULL,NULL,"2019-11-08 00:00:00"
"ECTT0006","ECTT0006M176","ECTT000601","MPPT",NULL,NULL,"METER",NULL,NULL,"2019-11-08 00:00:00","superadmin","2019-11-08 00:00:00","UNKNOWN","N",NULL,1,6.67,"superadmin","WS",0.3,NULL,NULL,17,NULL,6,23,1,0,NULL,NULL,NULL,"2019-11-08 00:00:00"
"ECTT0006","ECTT0006M177","ECTT000601","MPPT",NULL,NULL,"METER",NULL,NULL,"2019-11-08 00:00:00","superadmin","2019-11-08 00:00:00","UNKNOWN","N",NULL,1,6.67,"superadmin","WS",0.3,NULL,NULL,17,NULL,7,23,1,0,NULL,NULL,NULL,"2019-11-08 00:00:00"
"ECTT0006","ECTT0006M178","ECTT000601","MPPT",NULL,NULL,"METER",NULL,NULL,"2019-11-08 00:00:00","superadmin","2019-11-08 00:00:00","UNKNOWN","N",NULL,1,6.67,"superadmin","WS",0.3,NULL,NULL,17,NULL,8,23,1,0,NULL,NULL,NULL,"2019-11-08 00:00:00"
"ECTT0006","ECTT0006M179","ECTT000601","MPPT",NULL,NULL,"METER",NULL,NULL,"2019-11-08 00:00:00","superadmin","2019-11-08 00:00:00","UNKNOWN","N",NULL,1,6.67,"superadmin","WS",0.3,NULL,NULL,17,NULL,9,23,1,0,NULL,NULL,NULL,"2019-11-08 00:00:00"
"ECTT0006","ECTT0006M17a","ECTT000601","MPPT",NULL,NULL,"METER",NULL,NULL,"2019-11-08 00:00:00","superadmin","2019-11-08 00:00:00","UNKNOWN","N",NULL,1,6.67,"superadmin","WS",0.3,NULL,NULL,17,NULL,"a",23,1,0,NULL,NULL,NULL,"2019-11-08 00:00:00"
"ECTT0006","ECTT0006M180","ECTT000601","INVERTER",NULL,NULL,"METER",NULL,NULL,"2019-11-08 00:00:00","superadmin","2019-11-08 00:00:00","UNKNOWN","N",NULL,0,66.7,"superadmin",NULL,0.3,NULL,NULL,NULL,0,NULL,NULL,NULL,NULL,NULL,NULL,NULL,"2019-11-08 00:00:00"
"ECTT0006","ECTT0006M181","ECTT000601","MPPT",NULL,NULL,"METER",NULL,NULL,"2019-11-08 00:00:00","superadmin","2019-11-08 00:00:00","UNKNOWN","N",NULL,1,6.67,"superadmin","WS",0.3,NULL,NULL,18,NULL,1,23,1,0,NULL,NULL,NULL,"2019-11-08 00:00:00"
"ECTT0006","ECTT0006M182","ECTT000601","MPPT",NULL,NULL,"METER",NULL,NULL,"2019-11-08 00:00:00","superadmin","2019-11-08 00:00:00","UNKNOWN","N",NULL,1,6.67,"superadmin","WS",0.3,NULL,NULL,18,NULL,2,23,1,0,NULL,NULL,NULL,"2019-11-08 00:00:00"
"ECTT0006","ECTT0006M183","ECTT000601","MPPT",NULL,NULL,"METER",NULL,NULL,"2019-11-08 00:00:00","superadmin","2019-11-08 00:00:00","UNKNOWN","N",NULL,1,6.67,"superadmin","WS",0.3,NULL,NULL,18,NULL,3,23,1,0,NULL,NULL,NULL,"2019-11-08 00:00:00"
"ECTT0006","ECTT0006M184","ECTT000601","MPPT",NULL,NULL,"METER",NULL,NULL,"2019-11-08 00:00:00","superadmin","2019-11-08 00:00:00","UNKNOWN","N",NULL,1,6.67,"superadmin","WS",0.3,NULL,NULL,18,NULL,4,23,1,0,NULL,NULL,NULL,"2019-11-08 00:00:00"
"ECTT0006","ECTT0006M185","ECTT000601","MPPT",NULL,NULL,"METER",NULL,NULL,"2019-11-08 00:00:00","superadmin","2019-11-08 00:00:00","UNKNOWN","N",NULL,1,6.67,"superadmin","WS",0.3,NULL,NULL,18,NULL,5,23,1,0,NULL,NULL,NULL,"2019-11-08 00:00:00"
"ECTT0006","ECTT0006M186","ECTT000601","MPPT",NULL,NULL,"METER",NULL,NULL,"2019-11-08 00:00:00","superadmin","2019-11-08 00:00:00","UNKNOWN","N",NULL,1,6.67,"superadmin","WS",0.3,NULL,NULL,18,NULL,6,23,1,0,NULL,NULL,NULL,"2019-11-08 00:00:00"
"ECTT0006","ECTT0006M187","ECTT000601","MPPT",NULL,NULL,"METER",NULL,NULL,"2019-11-08 00:00:00","superadmin","2019-11-08 00:00:00","UNKNOWN","N",NULL,1,6.67,"superadmin","WS",0.3,NULL,NULL,18,NULL,7,23,1,0,NULL,NULL,NULL,"2019-11-08 00:00:00"
"ECTT0006","ECTT0006M188","ECTT000601","MPPT",NULL,NULL,"METER",NULL,NULL,"2019-11-08 00:00:00","superadmin","2019-11-08 00:00:00","UNKNOWN","N",NULL,1,6.67,"superadmin","WS",0.3,NULL,NULL,18,NULL,8,23,1,0,NULL,NULL,NULL,"2019-11-08 00:00:00"
"ECTT0006","ECTT0006M189","ECTT000601","MPPT",NULL,NULL,"METER",NULL,NULL,"2019-11-08 00:00:00","superadmin","2019-11-08 00:00:00","UNKNOWN","N",NULL,1,6.67,"superadmin","WS",0.3,NULL,NULL,18,NULL,9,23,1,0,NULL,NULL,NULL,"2019-11-08 00:00:00"
"ECTT0006","ECTT0006M18a","ECTT000601","MPPT",NULL,NULL,"METER",NULL,NULL,"2019-11-08 00:00:00","superadmin","2019-11-08 00:00:00","UNKNOWN","N",NULL,1,6.67,"superadmin","WS",0.3,NULL,NULL,18,NULL,"a",23,1,0,NULL,NULL,NULL,"2019-11-08 00:00:00"
"ECTT0006","ECTT0006M190","ECTT000601","INVERTER",NULL,NULL,"METER",NULL,NULL,"2019-11-08 00:00:00","superadmin","2019-11-08 00:00:00","UNKNOWN","N",NULL,0,66.7,"superadmin",NULL,0.3,NULL,NULL,NULL,0,NULL,NULL,NULL,NULL,NULL,NULL,NULL,"2019-11-08 00:00:00"
"ECTT0006","ECTT0006M191","ECTT000601","MPPT",NULL,NULL,"METER",NULL,NULL,"2019-11-08 00:00:00","superadmin","2019-11-08 00:00:00","UNKNOWN","N",NULL,1,6.67,"superadmin","WS",0.3,NULL,NULL,19,NULL,1,23,1,0,NULL,NULL,NULL,"2019-11-08 00:00:00"
"ECTT0006","ECTT0006M192","ECTT000601","MPPT",NULL,NULL,"METER",NULL,NULL,"2019-11-08 00:00:00","superadmin","2019-11-08 00:00:00","UNKNOWN","N",NULL,1,6.67,"superadmin","WS",0.3,NULL,NULL,19,NULL,2,23,1,0,NULL,NULL,NULL,"2019-11-08 00:00:00"
"ECTT0006","ECTT0006M193","ECTT000601","MPPT",NULL,NULL,"METER",NULL,NULL,"2019-11-08 00:00:00","superadmin","2019-11-08 00:00:00","UNKNOWN","N",NULL,1,6.67,"superadmin","WS",0.3,NULL,NULL,19,NULL,3,23,1,0,NULL,NULL,NULL,"2019-11-08 00:00:00"
"ECTT0006","ECTT0006M194","ECTT000601","MPPT",NULL,NULL,"METER",NULL,NULL,"2019-11-08 00:00:00","superadmin","2019-11-08 00:00:00","UNKNOWN","N",NULL,1,6.67,"superadmin","WS",0.3,NULL,NULL,19,NULL,4,23,1,0,NULL,NULL,NULL,"2019-11-08 00:00:00"
"ECTT0006","ECTT0006M195","ECTT000601","MPPT",NULL,NULL,"METER",NULL,NULL,"2019-11-08 00:00:00","superadmin","2019-11-08 00:00:00","UNKNOWN","N",NULL,1,6.67,"superadmin","WS",0.3,NULL,NULL,19,NULL,5,23,1,0,NULL,NULL,NULL,"2019-11-08 00:00:00"
"ECTT0006","ECTT0006M196","ECTT000601","MPPT",NULL,NULL,"METER",NULL,NULL,"2019-11-08 00:00:00","superadmin","2019-11-08 00:00:00","UNKNOWN","N",NULL,1,6.67,"superadmin","WS",0.3,NULL,NULL,19,NULL,6,23,1,0,NULL,NULL,NULL,"2019-11-08 00:00:00"
"ECTT0006","ECTT0006M197","ECTT000601","MPPT",NULL,NULL,"METER",NULL,NULL,"2019-11-08 00:00:00","superadmin","2019-11-08 00:00:00","UNKNOWN","N",NULL,1,6.67,"superadmin","WS",0.3,NULL,NULL,19,NULL,7,23,1,0,NULL,NULL,NULL,"2019-11-08 00:00:00"
"ECTT0006","ECTT0006M198","ECTT000601","MPPT",NULL,NULL,"METER",NULL,NULL,"2019-11-08 00:00:00","superadmin","2019-11-08 00:00:00","UNKNOWN","N",NULL,1,6.67,"superadmin","WS",0.3,NULL,NULL,19,NULL,8,23,1,0,NULL,NULL,NULL,"2019-11-08 00:00:00"
"ECTT0006","ECTT0006M199","ECTT000601","MPPT",NULL,NULL,"METER",NULL,NULL,"2019-11-08 00:00:00","superadmin","2019-11-08 00:00:00","UNKNOWN","N",NULL,1,6.67,"superadmin","WS",0.3,NULL,NULL,19,NULL,9,23,1,0,NULL,NULL,NULL,"2019-11-08 00:00:00"
"ECTT0006","ECTT0006M19a","ECTT000601","MPPT",NULL,NULL,"METER",NULL,NULL,"2019-11-08 00:00:00","superadmin","2019-11-08 00:00:00","UNKNOWN","N",NULL,1,6.67,"superadmin","WS",0.3,NULL,NULL,19,NULL,"a",23,1,0,NULL,NULL,NULL,"2019-11-08 00:00:00"
"ECTT0006","ECTT0006M200","ECTT000601","INVERTER",NULL,NULL,"METER",NULL,NULL,"2019-11-08 00:00:00","superadmin","2019-11-08 00:00:00","UNKNOWN","N",NULL,0,66.7,"superadmin",NULL,0.3,NULL,NULL,NULL,0,NULL,NULL,NULL,NULL,NULL,NULL,NULL,"2019-11-08 00:00:00"
"ECTT0006","ECTT0006M201","ECTT000601","MPPT",NULL,NULL,"METER",NULL,NULL,"2019-11-08 00:00:00","superadmin","2019-11-08 00:00:00","UNKNOWN","N",NULL,1,6.67,"superadmin","EN",0.3,NULL,NULL,20,NULL,1,23,1,0,NULL,NULL,NULL,"2019-11-08 00:00:00"
"ECTT0006","ECTT0006M202","ECTT000601","MPPT",NULL,NULL,"METER",NULL,NULL,"2019-11-08 00:00:00","superadmin","2019-11-08 00:00:00","UNKNOWN","N",NULL,1,6.67,"superadmin","EN",0.3,NULL,NULL,20,NULL,2,23,1,0,NULL,NULL,NULL,"2019-11-08 00:00:00"
"ECTT0006","ECTT0006M203","ECTT000601","MPPT",NULL,NULL,"METER",NULL,NULL,"2019-11-08 00:00:00","superadmin","2019-11-08 00:00:00","UNKNOWN","N",NULL,1,6.67,"superadmin","EN",0.3,NULL,NULL,20,NULL,3,23,1,0,NULL,NULL,NULL,"2019-11-08 00:00:00"
"ECTT0006","ECTT0006M204","ECTT000601","MPPT",NULL,NULL,"METER",NULL,NULL,"2019-11-08 00:00:00","superadmin","2019-11-08 00:00:00","UNKNOWN","N",NULL,1,6.67,"superadmin","EN",0.3,NULL,NULL,20,NULL,4,23,1,0,NULL,NULL,NULL,"2019-11-08 00:00:00"
"ECTT0006","ECTT0006M205","ECTT000601","MPPT",NULL,NULL,"METER",NULL,NULL,"2019-11-08 00:00:00","superadmin","2019-11-08 00:00:00","UNKNOWN","N",NULL,1,6.67,"superadmin","EN",0.3,NULL,NULL,20,NULL,5,23,1,0,NULL,NULL,NULL,"2019-11-08 00:00:00"
"ECTT0006","ECTT0006M206","ECTT000601","MPPT",NULL,NULL,"METER",NULL,NULL,"2019-11-08 00:00:00","superadmin","2019-11-08 00:00:00","UNKNOWN","N",NULL,1,6.67,"superadmin","EN",0.3,NULL,NULL,20,NULL,6,23,1,0,NULL,NULL,NULL,"2019-11-08 00:00:00"
"ECTT0006","ECTT0006M207","ECTT000601","MPPT",NULL,NULL,"METER",NULL,NULL,"2019-11-08 00:00:00","superadmin","2019-11-08 00:00:00","UNKNOWN","N",NULL,1,6.67,"superadmin","EN",0.3,NULL,NULL,20,NULL,7,23,1,0,NULL,NULL,NULL,"2019-11-08 00:00:00"
"ECTT0006","ECTT0006M208","ECTT000601","MPPT",NULL,NULL,"METER",NULL,NULL,"2019-11-08 00:00:00","superadmin","2019-11-08 00:00:00","UNKNOWN","N",NULL,1,6.67,"superadmin","EN",0.3,NULL,NULL,20,NULL,8,23,1,0,NULL,NULL,NULL,"2019-11-08 00:00:00"
"ECTT0006","ECTT0006M209","ECTT000601","MPPT",NULL,NULL,"METER",NULL,NULL,"2019-11-08 00:00:00","superadmin","2019-11-08 00:00:00","UNKNOWN","N",NULL,1,6.67,"superadmin","EN",0.3,NULL,NULL,20,NULL,9,23,1,0,NULL,NULL,NULL,"2019-11-08 00:00:00"
"ECTT0006","ECTT0006M20a","ECTT000601","MPPT",NULL,NULL,"METER",NULL,NULL,"2019-11-08 00:00:00","superadmin","2019-11-08 00:00:00","UNKNOWN","N",NULL,1,6.67,"superadmin","EN",0.3,NULL,NULL,20,NULL,"a",23,1,0,NULL,NULL,NULL,"2019-11-08 00:00:00"
"ECTT0006","ECTT0006M210","ECTT000601","INVERTER",NULL,NULL,"METER",NULL,NULL,"2019-11-08 00:00:00","superadmin","2019-11-08 00:00:00","UNKNOWN","N",NULL,0,23.2,"superadmin",NULL,0.3,NULL,NULL,NULL,0,NULL,NULL,NULL,NULL,NULL,NULL,NULL,"2019-11-08 00:00:00"
"ECTT0006","ECTT0006M211","ECTT000601","MPPT",NULL,NULL,"METER",NULL,NULL,"2019-11-08 00:00:00","superadmin","2019-11-08 00:00:00","UNKNOWN","N",NULL,1,11.6,"superadmin","EN",0.3,NULL,NULL,21,NULL,1,20,2,0,NULL,NULL,NULL,"2019-11-08 00:00:00"
"ECTT0006","ECTT0006M212","ECTT000601","MPPT",NULL,NULL,"METER",NULL,NULL,"2019-11-08 00:00:00","superadmin","2019-11-08 00:00:00","UNKNOWN","N",NULL,1,11.6,"superadmin","EN",0.3,NULL,NULL,21,NULL,2,20,2,0,NULL,NULL,NULL,"2019-11-08 00:00:00"
"ECTT0006","ECTT0006S002","ECTT000601","RADIATION",NULL,NULL,"SENSOR",NULL,NULL,"2019-11-08 00:00:00","superadmin","2019-11-08 00:00:00","UNKNOWN","N",NULL,0,0,"superadmin",NULL,0.3,NULL,NULL,NULL,NULL,NULL,NULL,NULL,NULL,NULL,NULL,NULL,"2019-11-08 00:00:00"
"ECTT0006","ECTT0006S001","ECTT000601","TEMPERATURE",NULL,NULL,"SENSOR",NULL,NULL,"2019-01-09 00:00:00","superadmin","2019-01-09 00:00:00","UNKNOWN","N",NULL,0,0,"superadmin",NULL,0.3,NULL,NULL,NULL,NULL,NULL,NULL,NULL,NULL,NULL,NULL,NULL,"2019-01-09 00:00:00"
